{"charitys_office": {"y": -4.8157517380506984, "x": 28.875149926008174, "orientation": [0.0, 0.0, 0.021679054157147506, 0.9997649816886224]}, "empty_spot": {"y": -17.920970470909065, "x": -33.38351911431729, "orientation": [0.0, 0.0, 0.9682400013351515, 0.25002259860761733]}, "vending_machines": {"y": 8.470874291161419, "x": -21.640229636305012, "orientation": [0.0, 0.0, 0.9496304989540449, 0.3133718485382686]}, "levine_far_corner": {"y": -28.210400990342187, "x": 28.77938385530937, "orientation": [0.0, 0.0, -0.9980371144960556, 0.06262521926817648]}, "towne_321": {"y": -53.746510906098855, "x": -63.85562420922914, "orientation": [0.0, 0.0, -0.1708863250174656, 0.9852907509573127]}, "to_skirkanich": {"y": -51.45770927222848, "x": -36.04447599416794, "orientation": [0.0, 0.0, 0.2582858514653766, 0.9660685373889398]}, "grasp": {"y": -7.265639073924117, "x": 1.2402658446074069, "orientation": [0.0, 0.0, -0.9599344671769021, 0.2802245862264712]}, "bio_lab": {"y": 13.743814642709477, "x": -32.24672770271406, "orientation": [0.0, 0.0, -0.9999861583173368, 0.005261480184709983]}, "towne_311": {"y": -8.742886538655606, "x": -62.96418721060703, "orientation": [0.0, 0.0, -0.7450809596063261, 0.6669740352008586]}}